flag,domain,company,contact,title,detail,priority,campaign
WRONG-ENTITY / NON-US - do not call unverified,aerones.com,Aerones Engineering,,,"contact located in LATVIA - non-US target, likely wrong match for a US electrical-services thesis; also titled CTO not Co-Founder",P2-candidate,
WRONG-ENTITY / NON-US - do not call unverified,petrellielectr.wpengine.com,"Petrelli Electric, INC",,,likely wrong match - returned a marketing-agency founder at aclipsemarketing.net (Orlando FL); the wpengine.com staging domain is not the real company domain. Find Petrelli Electric real domain before retrying.,P3-candidate,
WRONG-ENTITY / NON-US - do not call unverified,sls-us.com,"Scientific Lightning Solutions, LLC",,,caution: phone set includes Panama (+507) and Brazil (+55) numbers and slplighting.com email guesses - contact may span multiple entities; verify the US mobiles,P3-candidate,
WRONG-ENTITY / NON-US - do not call unverified,powerquality.org,Power Quality Inc,,,likely wrong match / non-US: contact location Bangkok Thailand with a powerquality.co.th email and +66 line; may be a Thai affiliate rather than the US target. Verify.,P3-candidate,
WRONG-ENTITY / NON-US - do not call unverified,conduxtesmec.com,"Condux Tesmec, Inc.",,,Italy (Bergamo) - likely wrong match for US entity; office line only; all emails unverified,P3-candidate,
WRONG-ENTITY / NON-US - do not call unverified,tcongrp.com,Technical Consulting Group,,,"office line only; profile location Mannheim, Germany - verify entity match",P3-candidate,
WRONG-ENTITY / NON-US - do not call unverified,e-hazard.com,e-Hazard,,,"Tunisia - likely wrong match, junk profile; office line only; all emails unverified. Also an electrical-safety training firm = repo DQ pattern",P3-candidate,
WRONG-ENTITY / NON-US - do not call unverified,bxperts.com,bXperts,,,Dominican Republic (Santo Domingo) - likely wrong match / non-US entity for a US target,P3-candidate,
WRONG-ENTITY / NON-US - do not call unverified,challengerdrilling.com,"Challenger Drilling, Inc.",,,Kuwait - likely wrong match; also Night Manager not owner-level and office line only. Named lookup for Jeff Lutz (President/CEO) missed,P3-candidate,
WRONG-ENTITY / NON-US - do not call unverified,mossandmoss.com,Moss Electric,,,WARNING possible wrong company: provider returned Moss and Moss LLP law firm NY; named target Jeff Moss not returned,ben-B,Commercial & Industrial Contractors
WRONG-ENTITY / NON-US - do not call unverified,prenergy.com,"Prenergy Services, LLC",,,"WARNING Venezuela-based contacts, likely wrong company match; no verified emails",campaign-Nurture,Commercial & Industrial Ctrs
WRONG-ENTITY / NON-US - do not call unverified,pgdservices.com,Power Generation & Distribution Services,,,"WARNING India-based contact, likely wrong company match",campaign-Nurture,Testing & Commissioning
WRONG-ENTITY / NON-US - do not call unverified,excelltdinc.com,Excel Ltd. Inc.,,,only verified email is personal and name-mismatched (Andrew) - verify,campaign-Nurture,Electrical Equipment Mfg
WRONG-ENTITY / NON-US - do not call unverified,conreyelectric.com,Conrey Electric,,,"OWNERSHIP FLAG: alt emails on teamshares.com - possible Teamshares acquisition, verify before outreach",campaign-Nurture,Motor & Generator Companies
WRONG-ENTITY / NON-US - do not call unverified,flamtech-energy.com,Flamtech Technologies,,,no phone; non-owner title; contact in Venezuela - likely wrong match,campaign-Nurture,Mission critical power
WRONG-ENTITY / NON-US - do not call unverified,avsengineering.net,AVS Engineering,,,"likely wrong-person match (India-based, Self Employed)",campaign-Nurture,Motor & Generator Companies
WRONG-ENTITY / NON-US - do not call unverified,escventura.com,Electrical Solutions Corp,,,"named-mode mismatch: returned a UK Simon King at Arup, not the ESC Ventura owner; office line only",campaign-Nurture,Commercial & Industrial Ctrs
WRONG-ENTITY / NON-US - do not call unverified,secucontrol.com,SecuControl,,,office line only; Germany-based contact,campaign-Nurture,Electrical Equipment Mfg
WRONG-ENTITY / NON-US - do not call unverified,aclightningprotection.com,"A/C Lightning Protection, Inc.",,,likely wrong match - returned person is a Scooters Coffee franchise owner in Omaha NE with all verified emails on scooterscoffee.com; only aclightningprotection.com email is unverified/Very bad. Do not use without web verification.,campaign-Nurture,Lightning Protection
WRONG-ENTITY / NON-US - do not call unverified,ikpower.com,"IK Power System Solutions, Inc.",,,"title mismatch: provider returns Project Manager, work list had Owner; domain/initials/New Orleans location consistent so likely same person - verify title",campaign-Nurture,Power Systems Engineering
WRONG-ENTITY / NON-US - do not call unverified,lighthouseelec.com,Lighthouse Electrical,,,"Liberia location, no verified emails, office line only",campaign-P2,Commercial & Industrial Ctrs
WRONG-ENTITY / NON-US - do not call unverified,rselectriccorp.com,R/S Electric Corp.,,,title says Retired - verify current role,campaign-P2,Commercial & Industrial Ctrs
WRONG-ENTITY / NON-US - do not call unverified,rcgint.com,RCG International,,,"office line only; Lebanon-based record, likely wrong entity",campaign-P2,Commercial & Industrial Ctrs
WRONG-ENTITY / NON-US - do not call unverified,emc-co.com,"Electric Motor & Contracting Co., Inc",,,"office line only; Myanmar-located record, verify identity",campaign-P2,Motor & Generator Companies
WRONG-ENTITY / NON-US - do not call unverified,jenkinselectric.com,Jenkins Electric Company,,,"no phone, no verified email; LinkedIn record shows UK location - verify",campaign-P2,Motor & Generator Companies
WRONG-ENTITY / NON-US - do not call unverified,ppultd.co.uk,Premium Power Units Ltd.,,,office line only; UK company - likely out of US thesis scope,campaign-P2,Motor & Generator Companies
WRONG-ENTITY / NON-US - do not call unverified,ldpassociates.com,LDP Associates,,,"office line only; India-located record, likely wrong entity",campaign-P2,Mission critical power
WRONG-ENTITY / NON-US - do not call unverified,tlselectric.com,Tls Electric,,,no phone; contact located UK - possible wrong match,campaign-P2,Commercial & Industrial Ctrs
WRONG-ENTITY / NON-US - do not call unverified,americanenergy.us,North American Energy Services Company,,,no email or phone; non-owner title; contact in Mexico - likely wrong match,campaign-P2,Utility Line & Substation
WRONG-ENTITY / NON-US - do not call unverified,pointonwave.com,Point On Wave,,,office line only; contact located Canada - verify US operations,campaign-P2,Testing & Commissioning
WRONG-ENTITY / NON-US - do not call unverified,djselectrical.com,Dj Electrical,,,"office line only; non-owner title (Administrator), likely wrong-person match (Australia)",campaign-P2,Utility Line & Substation
WRONG-ENTITY / NON-US - do not call unverified,moodyselectricinc.godaddysites.com,Moody's Electric,,,"bad match - returned a GoDaddy employee, site is a godaddysites.com subdomain",campaign-P2,Commercial & Industrial Ctrs
WRONG-ENTITY / NON-US - do not call unverified,iemsbr.com,"Industrial Electric Motor Service, Inc.",,,"bad match - returned an India-based self-employed profile, not the owner",campaign-P2,Motor & Generator Companies
WRONG-ENTITY / NON-US - do not call unverified,janda.com,Janda Motor Services,,,"bad match - returned an Indonesia-based profile, not the US company owner",campaign-P2,Motor & Generator Companies
WRONG-ENTITY / NON-US - do not call unverified,alfatransformer.com,Alfa Transformer,,,office line only; contact located India - likely wrong match,campaign-P3,Electrical Equipment Mfg
WRONG-ENTITY / NON-US - do not call unverified,castrejoninc.com,Castrejon Incorporated,,,"bad match - Panama-based profile, not the US owner",campaign-P3,Utility Line & Substation
WRONG-ENTITY / NON-US - do not call unverified,knightselectric.com,"Knights' Electric, Inc.",,,"named lookup for Barbara Ragsdale (President/CEO) missed; fallback returned Art Knight, Owner - different person but plausible co-owner; no verified work email",master-DQ,
WRONG-ENTITY / NON-US - do not call unverified,emtelectric.com,"EMT Electric, Inc.",,,mobiles are Bay Area/LA area codes while company and person are Sacramento/Stockton (209) - verify mobile ownership,master-DQ,
WRONG-ENTITY / NON-US - do not call unverified,industrialfour.com,Industrial Four Inc.,,,"named lookup for Tom Hansen (Owner) missed; fallback returned Susan Turcotte, Co-Owner - different person, owner-level so usable",master-DQ,
WRONG-ENTITY / NON-US - do not call unverified,premierautomation.com,Premier Automation LLC,,,"same person also listed as owner of panelshop.com (row 182 of this slice) - premierautomation.com and panelshop.com are the same ownership, dedupe before outreach",master-DQ,
WRONG-ENTITY / NON-US - do not call unverified,gandptechnology.co.uk,G&P Technology,,,"UNITED KINGDOM - not a US target; .co.uk domain, UK phone numbers. Should not be on a US electrical-infrastructure list; DQ candidate, not a wrong match but a wrong company",master-DQ,
WRONG-ENTITY / NON-US - do not call unverified,bb-electric.com,B&B Electric,,,CANADA - likely wrong match for a US target; also no phone and no verified email. Named lookup for James Ott (President) missed,master-DQ,
WRONG-ENTITY / NON-US - do not call unverified,mdavisinc.com,"M. Davis & Sons, Inc.",,,office line only; named lookup for Peggy Del Fabbro (CEO) missed and fallback returned a different person with no verified email,master-DQ,
WRONG-ENTITY / NON-US - do not call unverified,ledlightinginc.com,LED Lighting Inc.,,,"office line only; contact located Lahore, Pakistan and is not the listed Bri Claeys (CEO) - non-US, likely wrong match",master-DQ,
WRONG-ENTITY / NON-US - do not call unverified,adc-electrical.co.uk,ADC Electrical Ltd,,,no contact found; note UK (.co.uk) domain on a US target list - company itself is likely out of scope,master-DQ,
WRONG-ENTITY / NON-US - do not call unverified,ceymglobal.com,Ceym,,,"office line only; contact located Ecuador and is not the listed Juan Torres (Owner) - non-US, likely wrong match",master-DQ,
WRONG-ENTITY / NON-US - do not call unverified,electriciansinc.com,"Electricians, Inc.",,,"office line only; contact located Glasgow, United Kingdom and is not the listed Jimmy Yamada (CEO) - non-US, likely wrong match",master-DQ,
WRONG-ENTITY / NON-US - do not call unverified,aerosenelectrical.com,AE Rosen Electrical,,,"office line only; contact located Plymouth, United Kingdom vs listed Adam Rosen (President) - non-US, likely wrong match",master-DQ,
WRONG-ENTITY / NON-US - do not call unverified,stateelectricalcontractors.com,State Electrical Contractors,,,"named lookup for Colleen Reichsfeld found nothing; titled fallback returned Michael Bast (Part-Owner/President) - different person, no verified email",master-DQ,
WRONG-ENTITY / NON-US - do not call unverified,corbinelectric.com,Corbin Electrical Services,,,contact resolved but provider returned no email and no phone; also a different person from the listed Steve Corbin (Owner),master-DQ,
WRONG-ENTITY / NON-US - do not call unverified,powercommconstruction.com,Powercomm Construction Inc,,,"list named David Kwasnik (President); returned David Kwasnik Jr. (SVP) - possible generational mismatch, verify",master-DQ,
WRONG-ENTITY / NON-US - do not call unverified,alselectric.ca,Al's Electric Services Ltd,,,"Canada - non-US target, likely wrong match for a US mandate (.ca domain, contact in New Brunswick)",master-DQ,
WRONG-ENTITY / NON-US - do not call unverified,genesiselectric.com,Genesis Electrical Service,,,only mobile is a UK +44 number on a US target - likely wrong match; no verified email,master-DQ,
WRONG-ENTITY / NON-US - do not call unverified,elmelec.com,"Elm Electrical, Inc.",,,"UNITED KINGDOM contact returned for a US target - likely wrong match; also office line only, no verified email; named lookup for Robert Bacon found nothing",master-DQ,
WRONG-ENTITY / NON-US - do not call unverified,tpiengineering.com,Tpi,,,"CANADA contact returned for a US target - likely wrong match; office line only, no verified email; named lookup for Tom Cantor found nothing",master-DQ,
WRONG-ENTITY / NON-US - do not call unverified,kndelectric.com,KND Electric,,,"named lookup for Kenneth Duarte (Owner) found nothing; fallback returned Kristine Denapoli, President - different person but owner-level; no mobile",master-DQ,
WRONG-ENTITY / NON-US - do not call unverified,skytecpro.com,Skytec,,,"named lookup for Pankaj Chaturvedi found nothing; fallback returned Catherine Lasso, Founder/President - different person but owner-level; no phone",master-DQ,
WRONG-ENTITY / NON-US - do not call unverified,jrelectrical.com,J.R. Electrical,,,"named lookup for Jason Nieves (President) found nothing; fallback returned John Roda, Owner (emails on jrelectricalusa.com not jrelectrical.com - possible entity mismatch); no mobile",master-DQ,
WRONG-ENTITY / NON-US - do not call unverified,tmelectrical.ca,T M Electric,,,"named lookup for Jeff Tremblay found nothing; .ca domain - CANADIAN entity, out of scope for a US target list, titled-domain fallback deliberately not spent",master-DQ,
WRONG-ENTITY / NON-US - do not call unverified,johnfordelectricalservices.co.uk,Commercial Electrician,,,"no owner-level title match (6 contacts); also UK .co.uk domain - out of US-only mandate, likely wrong target entirely",master-DQ,
WRONG-ENTITY / NON-US - do not call unverified,celticpower.com,Celtic Power Group,,,"LIKELY WRONG MATCH - contact location Ireland, outside the US-only mandate. Phones span +353 (IE), +61 (AU x2), +1 902 (Nova Scotia) and +1 954/561 (FL): heavy contamination, kept only the two US numbers and even those are unconfirmed. Do not use before entity verification",master-DQ,
WRONG-ENTITY / NON-US - do not call unverified,formex.us,Formex Electrical Contractor Inc.,,,"LIKELY WRONG MATCH - all candidate emails resolve to formex.com.tr (Turkey), none verified, none on formex.us; title 'Executive Manager' is not owner-level and no phone returned. Nothing usable",master-DQ,
WRONG-ENTITY / NON-US - do not call unverified,dynamicelectric.com,"Dynamic Electric, Inc.",,,"no verified company-domain email; contact in Greenville SC but office line is Illinois area code 708 - possible entity mismatch, verify",master-P1,
WRONG-ENTITY / NON-US - do not call unverified,vanharen.com,Van Haren Electric Inc.,,,"titled-domain lookup; returned Brian Vanharen (CEO) not the listed Krein Bons - different person, US-based, plausible principal",master-P1,
WRONG-ENTITY / NON-US - do not call unverified,ditrol.com,Di-Trol Systems Inc.,,,NAME MISMATCH: contact is Bill Pugh (Owner) but the only email returned belongs to Lisa Schonefeld - do not use as Pugh's address; no phone,master-P2,
WRONG-ENTITY / NON-US - do not call unverified,hvserviceinc.com,High Voltage Service,,,"UK (London), Chartered Accountant title - likely wrong match for US target; no phone; email unverified",master-P2,
WRONG-ENTITY / NON-US - do not call unverified,roberthenrycorp.com,The Robert Henry Corporation,,,"named lookup for Robert A. Henry (Founder) missed; fallback returned Brian Henry, President - different person (likely successor/family), verify",master-P2,
WRONG-ENTITY / NON-US - do not call unverified,gigerich.net,Gigerich Electrical Inc,,,"Inven title is VP, our record said President - title mismatch on same person",master-P2,
WRONG-ENTITY / NON-US - do not call unverified,wlslighting.com,WLS Lighting and Electrical,,,"named lookup for Keith Drummond (COO/CEO/Owner) missed; fallback returned Brandon Scogins, CEO - different person than our record",master-P2,
WRONG-ENTITY / NON-US - do not call unverified,superelec.com,Super Electric,,,India - likely wrong match; also office line only and no verified email. Named lookup for Ryan Schult (President) missed,master-P2,
WRONG-ENTITY / NON-US - do not call unverified,allphaseelectricfl.com,"All Phase Electric & Maintenance, Inc.",,,"named lookup for Scott Nejeschleba (Owner) missed; fallback returned Michael Lott, Business Owner - different person; 10 mobiles returned, low confidence identity match",master-P2,
WRONG-ENTITY / NON-US - do not call unverified,visionmo.com,VISION Electric & Systems,,,"office line only; contact located Toronto, ON Canada and is not the listed Douglas Brewer (President & CEO) - likely wrong match",master-P2,
WRONG-ENTITY / NON-US - do not call unverified,killencontractors.com,"Killen Contractors, INC.",,,"named lookup for Charles Killen (Founder) found nothing; titled-domain fallback returned Will Vaughan, President - different person",master-P2,
WRONG-ENTITY / NON-US - do not call unverified,southlandelectricinc.com,Southland Electric Inc.,,,named lookup for Leanne M Peterson found nothing; titled-domain fallback returned Dean Parsley (Owner) - different person but owner-level; no verified work email,master-P2,
WRONG-ENTITY / NON-US - do not call unverified,bazenelectric.com,Bazen Electric,,,"named lookup matched a different John Bazen (Electrical Engineering Intern at progressiveae.com, Grand Rapids MI) - wrong person, no phones; titled-domain fallback found 15 contacts but no owner-level title",master-P2,
WRONG-ENTITY / NON-US - do not call unverified,jbcontracting.com,JB Contracting Corporation,,,"named lookup for Jim Brady JR found nothing; titled fallback returned John Ziemian (Owner) - different person, no mobile and no verified email",master-P2,
WRONG-ENTITY / NON-US - do not call unverified,centralvalleyelectric.com,Central Valley Electric,,,"named lookup for Troy Wells found nothing; titled fallback returned Brice Thorell, General Manager (NE) while office line is CA 209 - possible entity mismatch, no verified email",master-P2,
WRONG-ENTITY / NON-US - do not call unverified,willenelectric.com,Willen Electric Company,,,"Inven records Dan Shine as Retired, not President; no phone returned",master-P2,
WRONG-ENTITY / NON-US - do not call unverified,hinckelectric.com,Hinck Electric,,,"named lookup for Roy Hinck (Founder) found nothing; fallback returned John Buck, President and Owner - different person but owner-level",master-P2,
WRONG-ENTITY / NON-US - do not call unverified,albarell.com,Albarell Electric Inc.,,,"named lookup for Michael Conkey (President) found nothing; fallback returned Mike Albarell, Owner - different person but owner-level",master-P2,
WRONG-ENTITY / NON-US - do not call unverified,cynergy.com,Cynergy Electric,,,"named lookup for Cyndi Saiz (Owner) found nothing; fallback returned Zachary Ashburn, President - different person but owner-level",master-P2,
WRONG-ENTITY / NON-US - do not call unverified,longhornelectrical.com,Longhorn Electric,,,"named lookup for Eric Villegas (President) found nothing; fallback returned Seth Strickland, Owner - different person but owner-level; no verified email",master-P2,
WRONG-ENTITY / NON-US - do not call unverified,pssamerica.com,Power System Solutions,,,"SOUTH AFRICA - likely wrong match for a US target; office line only, no verified email. Named lookup for Lisa Crawford (Owner) missed",master-P3,
WRONG-ENTITY / NON-US - do not call unverified,pcescorp.com,Pces,,,"BAHRAIN - likely wrong match for a US target; office line only, no verified email. Named lookup for Eldon Drake (CEO) missed",master-P3,
WRONG-ENTITY / NON-US - do not call unverified,bigskyelectric.com,Big Sky Electric,,,no mobile - direct dial/office only; named lookup for Daniel Blank (Owner) missed and fallback returned a different person; no verified work email,master-P3,
WRONG-ENTITY / NON-US - do not call unverified,mtnpower.com,"Mountain Power Electrical Contractor, INC.",,,"named lookup for Lou Pellatiro (President) missed; fallback returned Josh Beck, Owner - different person but owner-level, so usable; our stored owner name may be stale",master-P3,
WRONG-ENTITY / NON-US - do not call unverified,airconmechanical.com,Air-Con Mechanical Corporation/Air-Con Electric LLC,,,office line only; no verified email; named lookup for James Shaffer (Founder) missed and fallback returned a different person,master-P3,
WRONG-ENTITY / NON-US - do not call unverified,decofsc.com,"Delta Electrical Contractors of SC, Inc.",,,"ROMANIA - likely wrong match for a US target; office line only, no verified email. Named lookup for Michael H. Hudgins (President) missed",master-P3,
WRONG-ENTITY / NON-US - do not call unverified,ivctechnologies.com,IVC Technologies,,,"list names Jeffrey Epperson (Founder/CEO); provider returned Pete Epperson, President and Owner - related but a different person",master-P3,
WRONG-ENTITY / NON-US - do not call unverified,rubicontechservices.com,Rubicon Technical Services - Rts,,,"UK mobile (+44) for a Regional Manager in Dungannon, United Kingdom - not the listed William J Pirrone (Founding Partner); non-US, likely wrong match",master-P3,
WRONG-ENTITY / NON-US - do not call unverified,shahpe.com,"Shah & Associates, Inc.",,,"office line only; contact located India and is not the listed SK Shah (President) - non-US, likely wrong match",master-P3,
WRONG-ENTITY / NON-US - do not call unverified,sselectrical.com,"S&S Electrical Services, Inc.",,,"named lookup for Wesley Steigerwalt found nothing; titled fallback returned Irvin Sullivan (Owner) - different person, no verified work email",master-P3,
WRONG-ENTITY / NON-US - do not call unverified,tripowerelectricinc.com,Tri Power Electric,,,"contact located in Canada (Winnipeg) on a US target - likely wrong match; no phone, unverified email; asked for Tim Heale (Owner)",master-P3,
WRONG-ENTITY / NON-US - do not call unverified,senergyelectric.com,Senergy Electric,,,record mixes in Venezuela (+58) and Mexico (+52) numbers - use the US +1 786 mobiles only,master-P3,
WRONG-ENTITY / NON-US - do not call unverified,versysgroup.com,Versys Group,,,"Canada (Edmonton, versys.ca) on a US target - likely wrong match",master-P3,
WRONG-ENTITY / NON-US - do not call unverified,diversitec.com,Diversitec,,,"office line only; list named Jerry Grothendick (President), got Theophilus P - possible wrong entity, no verified email",master-P3,
WRONG-ENTITY / NON-US - do not call unverified,iecelectric.us,Industrial Electric Company,,,"India - contact located in Chennai on a US target, likely wrong match; office line only; asked for Barry Halajian (Owner)",master-P3,
WRONG-ENTITY / NON-US - do not call unverified,brite.group,Brite Electric,,,"office line only; named lookup for David Walsh (President) found nothing, fallback returned Mike Torrech (email on briteelec.com) - different person, no verified email",master-P3,
WRONG-ENTITY / NON-US - do not call unverified,sweneyelectric.com,"Sweney Electric Company, INC",,,"named lookup for Phil Shikany (Owner) found nothing; fallback returned Eric Severson, President - different person but owner-level",master-P3,
WRONG-ENTITY / NON-US - do not call unverified,sitewideps.com,Sitewide Project Solutions,,,"only mobile is an AUSTRALIAN +61 number on a Houston-located contact - likely wrong-entity phone, do not dial without verifying",master-P3,
WRONG-ENTITY / NON-US - do not call unverified,alphaee.com,"Alpha Energy and Electric, Inc.",,,"named lookup for Ike Nwabuonwu (Chairman/CEO) found nothing; fallback returned Gabriel Okafor, President - different person but owner-level",master-P3,
WRONG-ENTITY / NON-US - do not call unverified,apexelectricgroup.com,Apex Electrical Group LLC,,,"named lookup for Dennis Wisk (Owner) found nothing; fallback returned Marcus Cola, CEO and Co-Owner - different person but owner-level",master-P3,
WRONG-ENTITY / NON-US - do not call unverified,capcityelectric.com,Capital City Electric,,,"named lookup for Thomas Kessler (Owner) found nothing; fallback returned Eric Baker, President - different person but owner-level",master-P3,
WRONG-ENTITY / NON-US - do not call unverified,cove-elec.com,Cove Electric Inc.,,,"named lookup for Paul Guercio (Founder) found nothing; fallback returned Gar Hulslander, President - different person but owner-level; no verified email",master-P3,
WRONG-ENTITY / NON-US - do not call unverified,lumenelectric.com,Lumen Electric INC.,,,title is General Manager - senior but confirm ownership before treating as decision maker,master-P3,
WRONG-ENTITY / NON-US - do not call unverified,riseelec.com,Rise Electric LLC,,,"title mixes Project Manager with Principal - confirm ownership stake before treating as decision maker. PHONE CONTAMINATION: 4 numbers, kept only the 708 mobile (Chicago area); dropped 989 (MI), 773 'other' and 603 (NH) office",master-P3,
WRONG-ENTITY / NON-US - do not call unverified,vslconstructors.com,Vsl Electrical Signing Lighting Llc,,,"LIKELY WRONG MATCH: NON-OWNER TITLE (Area Manager) and every professional email is on laneconstruct.com, not vslconstructors.com; 4 phones span 510 (CA), 202 (DC) and 703 (VA x2) with none matching Charleston SC - all dropped. Nothing usable for this domain",master-P3,
WRONG-ENTITY / NON-US - do not call unverified,walshelectrical.com,"Walsh Electrical, Inc.",,,"NON-OWNER TITLE: Vice President - though surname matches the company name and a mikesr@ address also exists, so likely family ownership; all phones 570 and consistent with Clarks Summit PA",master-P3,
WRONG-ENTITY / NON-US - do not call unverified,caribooindustrialelectric.com,Cariboo Industrial Electric,,,"no owner-level title match (4 contacts at domain); 'Cariboo' is a British Columbia region - check this is not a Canadian firm, which would be outside the US-only mandate",master-P3,
WRONG-ENTITY / NON-US - do not call unverified,clp-engineering.com,"CLP Engineering, LLC",,,"NON-OWNER TITLE: 'Principal Engineer' is a technical grade, not an ownership principal. No verified on-domain email (only a bellsouth.net and an aol.com personal address, which also read as merged). Dropped the 817 (Fort Worth TX) mobile as out-of-state; the two 720/303 direct dials match Denver but no mobile survives",master-P3,
WRONG-ENTITY / NON-US - do not call unverified,bg-technologies.com,bg-technologies.com,,,"contact located Vadodara, India (record also carries a +91 number) and is not the listed Linda Gibson (Founder & President) - non-US, likely wrong match",valDQ-review,
possible undisclosed parent,americanscii.com,American System Controls & Integration Inc.,Jeffrey Miller,Automation Manager,sconzacandy.com,campaign-P2,Commercial & Industrial Ctrs
possible undisclosed parent,americanscii.com,American System Controls & Integration Inc.,Jeffrey Miller,Automation Manager,sconza.com,campaign-P2,Commercial & Industrial Ctrs
possible undisclosed parent,aarowelectricalsolutions.com,Aarow Electrical Solutions,Dave Bastain,Vice President of Operations,aarow-llc.com,campaign-P2,Commercial & Industrial Ctrs
possible undisclosed parent,pqsmc.com,PQS Mission Critical,Kyle Gunn,President,pqsgg.com,campaign-P2,Mission critical power
possible undisclosed parent,s1inc.co,Service One,Joy Brandon Vaulton,President,serviceonecontracting.com,ben-A,Commercial & Industrial Contractors
possible undisclosed parent,prolinepwr.com,"Proline Power, LLC.",Jack Jurovaty,Chief Executive Officer,ibew.org,campaign-Nurture,Utility Line & Substation
possible undisclosed parent,polelinecontractorsinc.com,Pole Line Contractors,Jeffrey Meyer,President,pioneertechsolutions.com,campaign-Nurture,Utility Line & Substation
possible undisclosed parent,cates.com,Cates Control Systems,Jerry Smith,Owner,i2r.com,campaign-P2,Commercial & Industrial Ctrs
possible undisclosed parent,cates.com,Cates Control Systems,Chris Smith,President,i2r.com,campaign-P2,Commercial & Industrial Ctrs
possible undisclosed parent,aye-inc.com,"Allen Yoho Electrical, Inc.",John Morris,President,allenyoho.com,campaign-P2,Commercial & Industrial Ctrs
possible undisclosed parent,aye-inc.com,"Allen Yoho Electrical, Inc.",Allen Yoho,President,allenyoho.com,campaign-P2,Commercial & Industrial Ctrs
possible undisclosed parent,electricinnovations.com,Electric Innovations Inc.,Marc Catalano,Chief Financial Officer,energyinnovations.com,campaign-P3,Commercial & Industrial Ctrs
possible undisclosed parent,scottarm.com,"Scott Armature, LLC",Scott Key,Owner & President,kencoil.com,campaign-P2,Motor & Generator Companies
possible undisclosed parent,ppultd.co.uk,Premium Power Units Ltd.,Paul Elliott,Branch Manager,premiumpowerunits.co.uk,campaign-P2,Motor & Generator Companies
possible undisclosed parent,ram-tek.com,RAMTEK - Mission Critical Solutions,Matthew Ramadanovic,Owner,yale.edu,campaign-P2,Mission critical power
possible undisclosed parent,globalpowergroup.com,"Global Power Group, Inc.",Salvatore Martorana,President,gpgpower.com,campaign-P2,Mission critical power
possible undisclosed parent,globalpowergroup.com,"Global Power Group, Inc.",Terry Mammen,Chief Executive Officer,gpgpower.com,campaign-P2,Mission critical power
possible undisclosed parent,solutionservicescorp.com,Solution Services Corp.,Jacob Black,Project Manager,ss-mec.com,campaign-P2,Commercial & Industrial Ctrs
possible undisclosed parent,ipspumpservice.com,"IPS Pump Services, Inc.",Craig McBride,General Manager,ipsincusa.com,campaign-P2,Motor & Generator Companies
possible undisclosed parent,greatplainstechnicalservices.com,Great Plains Technical Service,Bruce Schumaker,Owner,gptsinc.com,campaign-Nurture,Motor & Generator Companies
possible undisclosed parent,ancoholdings.com,Anco,Mike Young,Founder and CEO,ancounderground.com,campaign-P3,Utility Line & Substation
possible undisclosed parent,lionheartpower.com,LionHeart Critical Power Specialists,Mike Hunter,Owner,lhcps.com,campaign-P2,Mission critical power
possible undisclosed parent,triunenc.com,"Triune Electric, Inc.",Justin Hunt,Shop Manager For Control Panel Fabrication Facility,ias-nc.com,campaign-P2,Commercial & Industrial Ctrs
possible undisclosed parent,sgiwv.com,"Specialty Groups, Inc",James Herron,President,specialtygroups.com,campaign-P3,Commercial & Industrial Ctrs
possible undisclosed parent,lakecityelectric.net,Lake City Electric,Joe Frye,President,ftc-i.net,campaign-Nurture,Motor & Generator Companies
possible undisclosed parent,darbyelectric.com,Darby Electric,Marc Darby,Owner & President,darbydfw.com,campaign-P2,Motor & Generator Companies
possible undisclosed parent,industrialelectricalco.com,Industrial Electrical Company,David Howell,Owner,iecmail.com,campaign-P2,Motor & Generator Companies
possible undisclosed parent,moleymagneticsinc.com,"Moley Magnetics, Inc.",Katie Hurley,Chief Executive Officer,moleyinc.com,campaign-P3,Motor & Generator Companies
possible undisclosed parent,sloanelectric.com,Sloan Electric,Jerry Gray,Co-Owner,san.rr.com,campaign-Nurture,Motor & Generator Companies
possible undisclosed parent,angielecc.com,Angiel Electrical Construction,Zach Atkinson,Executive Vice President,csecre.com,campaign-P2,Commercial & Industrial Ctrs
possible undisclosed parent,westpointelectricinc.com,"Westpoint Electric, INC.",Justin West,President,wpetric.com,campaign-P2,Commercial & Industrial Ctrs
possible undisclosed parent,vibrationengineers.com,Vibration Engineers,Jon Thornham,Founder,flocycling.com,campaign-Nurture,Motor & Generator Companies
possible undisclosed parent,automatedpower.com,"UPS Protection, Inc.",Dan Coffman,CEO,upsprotection.com,campaign-P3,Mission critical power
possible undisclosed parent,trcinc.net,Technology Resource Center,Anthony Chavez,Chief Financial Officer,trcmail.net,P3-candidate,
possible undisclosed parent,tidaltimesolutions.com,Tidal Time Solutions,Adam Freihofer,Founder,microsoft.com,campaign-P3,Mission critical power
possible undisclosed parent,aclightningprotection.com,"A/C Lightning Protection, Inc.",Rusty Smith,Scooters Coffee Multi-Franchise Owner (NOT AC Lightning Protection),scooterscoffee.com,campaign-Nurture,Lightning Protection
possible undisclosed parent,lpsnet.com,"Lightning Prevention Systems, Inc",Ian Fawthrop,President,worldnet.att.net,campaign-Nurture,Lightning Protection
possible undisclosed parent,arrowheadline.com,Arrowhead Line,Josh Gresham,CEO,pinnacletransition.com,P3-candidate,
possible undisclosed parent,petrellielectr.wpengine.com,"Petrelli Electric, INC",James Stillwell,Founder / SVP Events and Experiential Marketing,aclipsemarketing.net,P3-candidate,
possible undisclosed parent,tessllc.us,TESS Electrical Sales & Service,Paul Salenieks,Owner,tesselec.com,Nurture-candidate,
possible undisclosed parent,ev-edison.com,EV Edison,David Daly,President,milhouseinc.com,P3-candidate,
possible undisclosed parent,rcswv.com,"Roberts Corrosion Services, LLC",Michael Roberts,Business Owner,robertscorrosionservices.com,P3-candidate,
possible undisclosed parent,otmlocating.com,"On The Mark Utility Locating Services, Inc.",John Bryant,Partner and General Manager,rochester.rr.com,P3-candidate,
possible undisclosed parent,weatherguardaero.com,Weather Guard Lightning Tech,Allen Hall,President,wglightning.com,P3-candidate,
possible undisclosed parent,andersonandwood.com,Anderson & Wood Construction Co,Fred Oliver,President,awconst.com,master-P2,
possible undisclosed parent,nationalcarcharging.com,National Car Charging,Jim Burness,CEO and GM,alohacharge.com,campaign-Nurture,EV Charging
possible undisclosed parent,goemc.com,Energy Management Corporation,Steven Rossiter,Co-Founder & CEO,emcsolutions.com,P3-candidate,
possible undisclosed parent,goemc.com,Energy Management Corporation,Paul Rossiter,President,emcsolutions.com,P3-candidate,
possible undisclosed parent,allsouthlightningprotection.com,All South Lightning Protection Inc.,Ronald Poirier,Founder & President,aslp.net,master-P2,
possible undisclosed parent,allsouthlightningprotection.com,All South Lightning Protection Inc.,Angela Reimer,CFO,aslp.net,master-P2,
possible undisclosed parent,premierautomation.com,Premier Automation LLC,Mike Gunniers,Owner,panelshop.com,master-DQ,
possible undisclosed parent,panelshop.com,PanelShop.com,Mike Gunniers,Owner,premierautomation.com,master-P3,
possible undisclosed parent,geflorida.com,Gibson Electric,Louie Wise,Chief Executive Officer,intec360.com,master-DQ,
possible undisclosed parent,geflorida.com,Gibson Electric,Louie Wise,Chief Executive Officer,climatecontrolflorida.com,master-DQ,
possible undisclosed parent,reconcompany.org,"Re-Con Company, Inc.",John Henry,President,recongroupinc.com,master-P3,
possible undisclosed parent,dtselectric.com,Dts Electric,Anon Yarbrough,President,ees-ca.com,master-P3,
possible undisclosed parent,omahaelectric.com,"Omaha Electric Service, Inc.",John Lepak,President and CEO,oes-system.com,master-P2,
possible undisclosed parent,solutionsbyapex.com,APEX Controls,Andy Winkel,Chief Executive Officer,apexcontrols.cc,master-DQ,
possible undisclosed parent,cpteng.com,"ControlPoint Technologies, Inc.",Frank Barys,Principal Engineer,controlpointtech.com,master-P3,
possible undisclosed parent,westgaelectric.com,West Georgia Electric,Dennis Jones,Founder,wge108.com,master-P3,
possible undisclosed parent,powerconsultingassociates.com,Power Consulting Associates,Thad Mumm,President,pca-llc.biz,master-P3,
possible undisclosed parent,powerconsultingassociates.com,Power Consulting Associates,David Grooms,President & CEO,pca-llc.biz,master-P3,
possible undisclosed parent,jeincmn.com,Jackson Electric Inc.,Cody Jackson,Vice President,jacksonelectricwinthrop.com,master-P3,
possible undisclosed parent,electricalservicesco.com,Electrical Services Company,Cathy Simpson,CFO and Owner,pacbell.net,master-P2,
possible undisclosed parent,jfcelectric.com,JFC Electric LLC,Nicky Clark,Chief Financial Officer,jfcnetwork.com,master-DQ,
possible undisclosed parent,directionaldrilling.com,"ClearPath Utility Solutions, LLC",Rodney Riley,Owner,cpusllc.com,master-DQ,
possible undisclosed parent,guardianmfg.com,Guardian Manufacturing,Chuck Smith,Owner,pinnacleozone.com,master-DQ,
possible undisclosed parent,stfranciselectric.com,"St Francis Electric, LLC",Andy Amador,Owner,sfe-inc.com,master-DQ,
possible undisclosed parent,stfranciselectric.com,"St Francis Electric, LLC",Guy Smith,President,sfe-inc.com,master-DQ,
possible undisclosed parent,gyre9.com,Gyre9,Ed Gilchrest,President,g9ev.com,master-P3,
possible undisclosed parent,bls-us.com,"Black Label Services, Inc",Dean Rucker,Co-CEO,blsoil.com,master-P3,
possible undisclosed parent,powertemp.com,Power Temp Systems,Bret Adams,Company Owner,totalenergysolutions.com,master-P3,
possible undisclosed parent,powertemp.com,Power Temp Systems,Brad Jenkins,President,grandmarketingsolutions.com,master-P3,
possible undisclosed parent,axxisbuildingsystems.com,"Axxis Building Systems, Inc.",Jasenko Alagic,President and Managing Partner,axxis-corp.com,master-P3,
possible undisclosed parent,skytecpro.com,Skytec,Catherine Lasso,Founder and President,usgllc811.com,master-DQ,
possible undisclosed parent,transportationsystemsinc.com,Transportation Systems Inc,Eric Lesso,Chief Executive Officer,tsi-fl.com,master-P3,
possible undisclosed parent,graceport.com,Grace Technologies,Philip Allen,Founder,grace-eng.com,master-P3,
possible undisclosed parent,powerproplusinc.com,Power Pro Plus INC.,Felipe Oliden,President/ceo,pppi.us,master-P3,
possible undisclosed parent,wetsinc.net,wetsinc.net,James McCasland,President & CEO,suddenlink.net,valDQ-review,
possible undisclosed parent,hbutilities.com,HB Utilities,Christopher Adrian,Vice President,harperbro.com,master-DQ,
possible undisclosed parent,ahindllc.com,"A&H Industries, LLC",Hamid Zamanian,Partner,ahindustriesllc.com,master-DQ,
possible undisclosed parent,truecompassnw.com,"True Compass, LLC",Douglas Wolfson,President,true-compass.net,master-P3,
contact is not a decision maker,crowneram.com,,Robert Spajer,Chief Financial Officer,,campaign-P2,
contact is not a decision maker,americanscii.com,,Kevin Swier,Engineering Manger and CFO,,campaign-P2,
contact is not a decision maker,americanscii.com,,Jeffrey Miller,Automation Manager,,campaign-P2,
contact is not a decision maker,electricmotorservices.net,,Rande Livengood,Plant Manager,,campaign-P2,
contact is not a decision maker,ucspower.com,,Lauren Doiron,Business Manager,,P2-candidate,
contact is not a decision maker,ucspower.com,,Nestor Castellanos,General Superintendent,,P2-candidate,
contact is not a decision maker,pagoda-electrical.com,,Marci Mayer,Chief Financial Officer,,campaign-P2,
contact is not a decision maker,mid-southelectric.net,,Demario Leakes,Service Manager,,campaign-P2,
contact is not a decision maker,blountelectrical.com,,Matt Marshall,CFO,,ben-A,
contact is not a decision maker,cawtn.com,,Kristie Firman,Shop Manager,,ben-A,
contact is not a decision maker,s1inc.co,,Tim Mounger,Chief Financial Officer,,ben-A,
contact is not a decision maker,tristateec.com,,Scott McCoy,CFO,,ben-A,
contact is not a decision maker,prenergy.com,,Elbano Provenzali,Gerente de Gestion de Proyectos,,campaign-Nurture,
contact is not a decision maker,prenergy.com,,Carlos Rodriguez,Project Manager,,campaign-Nurture,
contact is not a decision maker,rscelectrical.com,,Mike Merantza,Electrical Service Director,,campaign-Nurture,
contact is not a decision maker,northstarpowerinc.com,,Ronna M.,Business Office Manager,,campaign-Nurture,
contact is not a decision maker,gstpowerservice.com,,Lori Haynes,Business Manager,,campaign-Nurture,
contact is not a decision maker,pgdservices.com,,Erica Irby,Chief Financial Officer,,campaign-Nurture,
contact is not a decision maker,ehvconstruction.com,,Ty Gray,General Foreman,,campaign-Nurture,
contact is not a decision maker,fuimuscompanies.com,,Jonathan Strickland,Construction Manager,,campaign-Nurture,
contact is not a decision maker,ipatlantic.com,,Jeffry Cusatis,General Foreman,,campaign-Nurture,
contact is not a decision maker,ipatlantic.com,,Jimmie Olds,Construction Manager,,campaign-Nurture,
contact is not a decision maker,statelineusa.com,,Greg Smith,Foreman,,campaign-Nurture,
contact is not a decision maker,ajgoulderelectric.com,,Chris Carlson,Electrical Estimator and Service Manager,,campaign-P2,
contact is not a decision maker,bandhelectric.com,,Matthew Haney,Electrical Contractor,,campaign-P2,
contact is not a decision maker,cpmelectric.com,,Marjorie Sutherland,Administrator,,campaign-P2,
contact is not a decision maker,flemingtoninstrument.com,,Ron Falkenstein,Service Manager,,campaign-P2,
contact is not a decision maker,gulfelec.com,,Rick Sommer,General Foreman,,campaign-P3,
contact is not a decision maker,powertekllc.com,,David White,General Superintendent,,campaign-Nurture,
contact is not a decision maker,electricinnovations.com,,Marc Catalano,Chief Financial Officer,,campaign-P3,
contact is not a decision maker,groveselectric.com,,Maria Groves,Chief Financial Officer,,campaign-P2,
contact is not a decision maker,performanceelectricalllc.com,,Matei Cristea,Warehouse Manager,,campaign-P2,
contact is not a decision maker,iegusa.com,,Josh Boling,Branch Manager,,campaign-P2,
contact is not a decision maker,ppultd.co.uk,,Paul Elliott,Branch Manager,,campaign-P2,
contact is not a decision maker,jsinspect.com,,Charles Hooks,VP Marketing and Business Development,,campaign-P2,
contact is not a decision maker,ldpassociates.com,,Chalasani Mahidar,M D,,campaign-P2,
contact is not a decision maker,globalpowergroup.com,,Salvador Ceballos,Chief Financial Officer,,campaign-P2,
contact is not a decision maker,michianacontracting.com,,Lisa Botto,Chief Financial Officer,,campaign-P2,
contact is not a decision maker,coastlinepowersolutions.com,,Kevin Price,Chief Financial Officer,,campaign-P3,
contact is not a decision maker,tlselectric.com,,Stephen Vaughan,Director,,campaign-P2,
contact is not a decision maker,pevarnik.com,,Matthew Dragan,Construction Project Manager,,campaign-P2,
contact is not a decision maker,radec.com,,Dave Prosser,Field manager,,campaign-P2,
contact is not a decision maker,sconservices.com,,Scott Hendrickson,Manager,,campaign-P2,
contact is not a decision maker,sas-llc.net,,Eric Estle,Division Manager,,campaign-P2,
contact is not a decision maker,tclelectric.com,,Frank Cesarone,Chief Financial Officer,,campaign-P2,
contact is not a decision maker,solutionservicescorp.com,,Jacob Black,Project Manager,,campaign-P2,
contact is not a decision maker,craft-electric.com,,Heather White,CFO,,campaign-P2,
contact is not a decision maker,sytekelectric.com,,Jeremy Saintes,Subsea Manager,,campaign-P2,
contact is not a decision maker,precisionmachllc.com,,Israel Perez Jr,Project Manager,,campaign-P2,
contact is not a decision maker,singerelectric.com,,Durud Ahmed,Marketing Manager,,campaign-Nurture,
contact is not a decision maker,mmpowerline.com,,Steve Adasiewicz,Master electrician project manager,,campaign-Nurture,
contact is not a decision maker,cobaltcivil.com,,Daniel Sheets,Chief Financial Officer,,campaign-P2,
contact is not a decision maker,americanenergy.us,,Francisco Cabrera,Gerente de planta,,campaign-P2,
contact is not a decision maker,utilitex.com,,Jimmy Richey,General Management,,campaign-Nurture,
contact is not a decision maker,power-upllc.com,,Dawn Reynolds,Operations Manager,,campaign-P2,
contact is not a decision maker,flamtech-energy.com,,Alejandra Colina,Freelance graphic designer,,campaign-Nurture,
contact is not a decision maker,apspower.com,,Lisa Friedman,Business Manager,,campaign-P3,
contact is not a decision maker,genelco-inc.com,,Chad Lund,CFO,,campaign-Nurture,
contact is not a decision maker,rudylhawkinselectrical.com,,Damon Parrish,Project Manager,,campaign-P3,
contact is not a decision maker,telstarinc.com,,Martin Ruiz,Project Manager and Engineer,,campaign-P2,
contact is not a decision maker,triunenc.com,,Justin Hunt,Shop Manager For Control Panel Fabrication Facility,,campaign-P2,
contact is not a decision maker,fie-inc.com,,Bob Kingston,Division Manager,,campaign-P2,
contact is not a decision maker,harcrowelectric.com,,John Barnes,Contractor,,campaign-P2,
contact is not a decision maker,mojaveelectric.com,,Rodney McMurry,General Forman,,campaign-P2,
contact is not a decision maker,paloselectric.com,,Christopher Talbott,Director of Operations - Wireless Division,,campaign-P2,
contact is not a decision maker,strianoelectric.com,,Jeff Amberger,Project Manager,,campaign-P2,
contact is not a decision maker,oceancoastelectric.com,,Stan Tasev,CFO,,campaign-P2,
contact is not a decision maker,lascoelectrical.com,,Charles Fite,Licensed Master and Operations Manager,,campaign-P3,
contact is not a decision maker,avsengineering.net,,Rajender Singh,Self Employed,,campaign-Nurture,
contact is not a decision maker,darbyelectric.com,,Michael S Darby,Chairperson,,campaign-P2,
contact is not a decision maker,industrialelectricalco.com,,David Frazier,CFO,,campaign-P2,
contact is not a decision maker,djselectrical.com,,Melody McFarlane,Administrator,,campaign-P2,
contact is not a decision maker,geoforceutilitytech.com,,Hall Cummings,General Foreman,,campaign-P2,
contact is not a decision maker,sigalutility.com,,Michelle Vance,Electric Utility Construction Division Manager,,campaign-P2,
contact is not a decision maker,pinnaclepowersvcs.com,,Jason Keller,Area Manager,,campaign-P3,
contact is not a decision maker,duthiepower.com,,Carlos Cestero,CFO,,campaign-P2,
contact is not a decision maker,epowernetwork.com,,Mark Mccallick,CFO,,campaign-P2,
contact is not a decision maker,outsenelectric.com,,Greg Outsen,Manager,,campaign-P2,
contact is not a decision maker,halleyeng.com,,Christopher Halley,Entrepreneur,,campaign-P3,
contact is not a decision maker,empower-electric.com,,Brad Briggs,Chief Financial Officer,,campaign-P2,
contact is not a decision maker,postelectric.net,,Kathy Shipp,Secretary and Treasurer,,campaign-Nurture,
contact is not a decision maker,rileyelectricco.com,,Derek Riley,Chief Financial Officer,,campaign-P3,
contact is not a decision maker,clevelandpumprepair.com,,Mike Eisengart,Branch Manager,,campaign-P2,
contact is not a decision maker,failureprevention.com,,Karl Hoffower,Executive Director,,campaign-Nurture,
contact is not a decision maker,primeacdcmotors.com,,Umar Zaman,Operations Manager,,campaign-Nurture,
contact is not a decision maker,hibbsinc.com,,Greg Deahl,Solutions Manager,,campaign-P2,
contact is not a decision maker,flolo.com,,David Flolo,Chief Financial Officer,,campaign-P2,
contact is not a decision maker,heartutilities.com,,Scott Barry,Operation Manager,,campaign-P2,
contact is not a decision maker,hmcragg.com,,Krista Honsa,Chief Financial Officer,,campaign-P2,
contact is not a decision maker,trcinc.net,,Anthony Chavez,Chief Financial Officer,,P3-candidate,
contact is not a decision maker,solisusa.com,,Ron Gilcrease,VP Business Development,,P3-candidate,
contact is not a decision maker,alcatex.com,,Blake Tennant,Shop Manager,,P3-candidate,
contact is not a decision maker,maritimetechnicalservices.com,,Jenny Ratcliffe,Operations Manager,,P3-candidate,
contact is not a decision maker,jdcpowersystems.com,,Benton Freeman,VP of Industrial Sales,,P2-candidate,
contact is not a decision maker,jacksonelect.com,,Cody Owenby,Chief Financial Officer,,master-P2,
contact is not a decision maker,doleac.com,,Pete Butera,Project Manager,,master-P2,
contact is not a decision maker,awestenterprise.com,,Landon Dooley,CFO,,master-P2,
contact is not a decision maker,edgarelectricinc.com,,Brad Rogers,CFO,,master-P2,
contact is not a decision maker,florylineconstruction.com,,Aeron-James Grigg,CFO,,master-P2,
contact is not a decision maker,siebertelectric.com,,Damon Weber,CFO,,master-P2,
contact is not a decision maker,jmschaefer.com,,Phillip Criswell,Field Service Supervisor and Project Manager,,campaign-P2,
contact is not a decision maker,e-hazard.com,,Hb Design,Directeur general,,P3-candidate,
contact is not a decision maker,startechmarine.com,,Cody Jackson,HVAC Service Manager,,P3-candidate,
contact is not a decision maker,powerlineconsultantsllc.com,,Shelly Thomure,CFO,,master-P1,
contact is not a decision maker,horsepowerelectric.com,,Cedrick D.,Superintendente de operaciones,,master-P1,
contact is not a decision maker,elecpwr.com,,David Champine,Division Manager - Carolinas,,master-P2,
contact is not a decision maker,transformerservicesinc.com,,Rocio Rus,Business Manager,,master-P2,
contact is not a decision maker,vet-eps.com,,Sam Stone,San Diego Branch Manager,,master-P2,
contact is not a decision maker,wjbe.com,,Katie Buchert,Chief Financial Officer,,master-P1,
contact is not a decision maker,gigerich.net,,Scott Brown,VP,,master-P2,
contact is not a decision maker,westmorelandelectric.com,,Mike Errett,Superintendent,,master-P2,
contact is not a decision maker,underpowercorp.com,,Rafael Nin Jr,Warehouse Supervisor,,master-P2,
contact is not a decision maker,plc-inc.com,,Garrett McGinnity,General Foreman,,master-P2,
contact is not a decision maker,allsouthlightningprotection.com,,Angela Reimer,CFO,,master-P2,
contact is not a decision maker,challengerdrilling.com,,Reynaldo Balbuena,Night Manager,,P3-candidate,
contact is not a decision maker,challengerdrilling.com,,Susan Lutz,"Director, CFO",,P3-candidate,
contact is not a decision maker,broncoelectric.com,,Bret Smith,Chief Operations Officer,,master-DQ,
contact is not a decision maker,future-controls.com,,Michael Hansen,Mechanical contractor,,master-DQ,
contact is not a decision maker,hoekstraelectric.com,,Alex Sale,Director of Operations,,master-DQ,
contact is not a decision maker,emtelectric.com,,Elizabeth Johnson,CFO,,master-DQ,
contact is not a decision maker,emtelectric.com,,Brian Johnson,CFO,,master-DQ,
contact is not a decision maker,mmelectriccfl.com,,Betty Gomez,Chief Financial Officer,,master-DQ,
contact is not a decision maker,bertke.com,,Kathy Jewell,Chief Financial Officer,,master-DQ,
contact is not a decision maker,benfieldinc.com,,Ken Arnold,CFO,,master-DQ,
contact is not a decision maker,bb-electric.com,,Jon Blackstone,CFO,,master-DQ,
contact is not a decision maker,four-gen.com,,Monique Ruiz,Chief Financial Officer,,master-DQ,
contact is not a decision maker,four-gen.com,,Judy Evans,Chief Financial Officer,,master-DQ,
contact is not a decision maker,perreca.com,,Charles Tallardy,Chairman,,master-DQ,
contact is not a decision maker,thegarickgroup.com,,Cesar Porras,Chief Financial Officer,,master-DQ,
contact is not a decision maker,zellerelectriccorp.com,,Laura Jeam Zeller,Chief Financial Officer,,master-DQ,
contact is not a decision maker,utilityconstructionco.com,,Jess Daniels,Project Director,,master-P3,
contact is not a decision maker,basselectric.net,,Jeffrey Yee,Project Manager,,master-P3,
contact is not a decision maker,shelleyelectric.com,,Greg Rowe,Chief Financial Officer,,master-P3,
contact is not a decision maker,lbelectricco.com,,Dena Baptiste,CFO,,master-P3,
contact is not a decision maker,ipcosc.com,,Stephanie Byrd,Chief Financial Officer,,master-P3,
contact is not a decision maker,atekelectric.com,,Stephanie Ashby,Customer Quality Engineer,,master-P3,
contact is not a decision maker,sturmelectric.com,,Tim Kinman,Chief Financial Officer,,master-P3,
contact is not a decision maker,pcescorp.com,,Donrick Dejoshua,G M,,master-P3,
contact is not a decision maker,worchelectric.com,,Ali Laino,Assistant Manager,,master-P3,
contact is not a decision maker,worchelectric.com,,Andrea G. Lanzilotti,Chief Financial Officer,,master-P3,
contact is not a decision maker,asfelectric.net,,Andy Ferrari,Chairman,,master-P3,
contact is not a decision maker,astuteng.com,,Vibha Jasani,Chief Financial Officer,,master-P3,
contact is not a decision maker,rtfps.net,,Cory Martin,CFO,,master-P3,
contact is not a decision maker,cciarkansas.net,,Austin Rhine,Warehouse Manager and Purchasing Agent,,master-P3,
contact is not a decision maker,decofsc.com,,Viorica Ristea,Manager,,master-P3,
contact is not a decision maker,bore-tech.net,,Wendy Cabral,"Chief Financial Officer, Director",,valDQ-review,
contact is not a decision maker,westhueselectric.com,,Andrew Westhues,CFO,,master-P2,
contact is not a decision maker,acelectricalsystems.com,,Matt Burks,Service Manager,,master-P2,
contact is not a decision maker,totalenergysolutions.com,,Ann Ledoux Hebert,Chief Financial Officer,,master-P2,
contact is not a decision maker,nai-ames.com,,Chris Burkhart,Project Manager,,master-P2,
contact is not a decision maker,ceymglobal.com,,Juan Eduardo Arevalo Mosquera,autonomo,,master-DQ,
contact is not a decision maker,doctorelectric.net,,Kayann B. Brookins,CFO,,master-DQ,
contact is not a decision maker,electriciansinc.com,,Ka Tang,Chief Financial Officer,,master-DQ,
contact is not a decision maker,aerosenelectrical.com,,Leon Rosen,electrical contractor,,master-DQ,
contact is not a decision maker,prismecs.com,,Patricia Waters,CFO,,master-DQ,
contact is not a decision maker,matcoelectric.com,,Joshua Lupo,General Foreman and Project Manager,,master-DQ,
contact is not a decision maker,matcoelectric.com,,Santo Caracciolo,Chief Financial Officer,,master-DQ,
contact is not a decision maker,trustworthyelectric.net,,Semira Jones,Operations and Marketing Administrator,,master-DQ,
contact is not a decision maker,sparksinc.com,,Hugh Johnson,Chief Financial Officer,,master-DQ,
contact is not a decision maker,hollandindustrial.com,,Butch Holland,Chairman,,master-P3,
contact is not a decision maker,rubicontechservices.com,,Christopher Donaghy,Regional Manager,,master-P3,
contact is not a decision maker,cpteng.com,,Adam Weisel,Chief Financial Officer,,master-P3,
contact is not a decision maker,bicelectrics.com,,Osviel Cabrera,Electrical Engineer,,master-P3,
contact is not a decision maker,mccroryelec.com,,Tony Brandon,General Foreman,,master-P3,
contact is not a decision maker,pennohioelectric.com,,Chris O'Brien,Senior Project Engineer,,master-P3,
contact is not a decision maker,kullc.net,,Shari D Crane,CFO,,master-P3,
contact is not a decision maker,asbenergy.com,,Bobby Walters,Director,,master-P3,
contact is not a decision maker,asbenergy.com,,Jamie J. Thompson,Chief Financial Officer,,master-P3,
contact is not a decision maker,pcsbr.com,,Joneah Johnson,Chief Financial Officer,,master-P3,
contact is not a decision maker,starlinkconstruction.com,,Mike Childers,CFO,,valDQ-review,
contact is not a decision maker,clearwaterinc.net,,Alexis Jonas,Marketing,,valDQ-review,
contact is not a decision maker,thwindersllc.com,,Rolando Jaramillo,Chief Financial Officer,,valDQ-review,
contact is not a decision maker,undergroundutilitiesinc.com,,Tom Mclaughlin,Chief Financial Officer,,valDQ-review,
contact is not a decision maker,allanbritewayutility.com,,William Brown,Chief Financial Officer,,master-P2,
contact is not a decision maker,kellycos.com,,Shawn Lewis,Safety Director,,master-P2,
contact is not a decision maker,kellycos.com,,Kevin Trippe,Pre Construction Director,,master-P2,
contact is not a decision maker,sandjelectric.com,,Sai Garela,Chief Estimator and Project Executive,,master-P2,
contact is not a decision maker,dubakelectrical.com,,Peter Brennan,Chief Financial Officer,,master-P2,
contact is not a decision maker,4standardelectric.com,,Paula Keen,CFO,,master-P2,
contact is not a decision maker,proelectricinc.net,,Walter Walker,Electrical Contractor,,master-P2,
contact is not a decision maker,cirelectric.com,,Ryan Short,Foreman,,master-P2,
contact is not a decision maker,ecahq.com,,Misty Lorton,Chief Financial Officer,,master-DQ,
contact is not a decision maker,icklerelectric.com,,Rick Kail,CFO,,master-DQ,
contact is not a decision maker,light-serve.com,,Jason Brafford,Chief Financial Officer,,master-DQ,
contact is not a decision maker,ppcwa.com,,Dan Holmen,CFO,,master-DQ,
contact is not a decision maker,allcomelectric.com,,Susan Neil,CFO,,master-DQ,
contact is not a decision maker,jfcelectric.com,,Nicky Clark,Chief Financial Officer,,master-DQ,
contact is not a decision maker,guardianmfg.com,,Kurt Mollnow,Chief Financial Officer,,master-DQ,
contact is not a decision maker,revolt-electric.com,,Jay Kats,Executive Project Manager,,master-DQ,
contact is not a decision maker,powercommconstruction.com,,Glenn Charlesworth,CFO,,master-DQ,
contact is not a decision maker,prometers.com,,Chad Doerhoff,Chief Financial Officer,,master-DQ,
contact is not a decision maker,custautocont.com,,Mike Wattigny,Division Manager,,master-DQ,
contact is not a decision maker,jolmautilities.com,,Benjamin Prissel,Chief Financial Officer,,master-DQ,
contact is not a decision maker,rizzoelectric.com,,Frank Rizzo,boss,,master-DQ,
contact is not a decision maker,stfranciselectric.com,,Michael Delgado,Field Operations Manager,,master-DQ,
contact is not a decision maker,stfranciselectric.com,,Karla Brauer,Chief Financial Officer,,master-DQ,
contact is not a decision maker,victorypowerlineservices.com,,Brooks Boyle,Job Site Manager,,master-DQ,
contact is not a decision maker,lakewoodelectriccompany.com,,Douglas Aeschleman,Chief Financial Officer,,master-P3,
contact is not a decision maker,daley-electric.com,,Sean Dunn,Electrical Estimator and Project Manager,,master-P3,
contact is not a decision maker,bjelectrical.com,,Gary Lee Janzen,Chairman,,master-P3,
contact is not a decision maker,tripowerelectricinc.com,,Anita Staley,CFO,,master-P3,
contact is not a decision maker,volelectric.com,,Gene Carmichael,Chairman,,master-P3,
contact is not a decision maker,foygroup.net,,Adam VanGrinsven,Chief Financial Officer,,master-P3,
contact is not a decision maker,omniinst.com,,Stephen Tallo,Project Manager,,master-P3,
contact is not a decision maker,omniinst.com,,Rick Canonaco,Chief Financial Officer,,master-P3,
contact is not a decision maker,avail-engineering.com,,David Rangel,General Foreman,,master-P3,
contact is not a decision maker,emerald-standard.com,,Rogelio Pombrol,Chairman,,master-P3,
contact is not a decision maker,powertemp.com,,Ann Ledoux Hebert,CFO,,master-P3,
contact is not a decision maker,diversitec.com,,Adrian Snell,Cfo,,master-P3,
contact is not a decision maker,olsenelectric.net,,Greta Plourd,CFO,,master-P3,
contact is not a decision maker,heckerelectric.com,,Grant Burke,Project Manager,,master-P3,
contact is not a decision maker,bonnerelectric.com,,Brendan Marquis,Service Manager,,master-P3,
contact is not a decision maker,chargetronix.com,,Xavier Landavazo,[unknown],,valDQ-review,
contact is not a decision maker,gravitytechnologies.com,,Oz Nusem,"Founding Engineer, Head of Client and Platform Services",,valDQ-review,
contact is not a decision maker,primaryus.com,,Arthur Hernandez,Manager,,master-P1,
contact is not a decision maker,nabcoelectric.com,,Eddie Davidson,Chief Financial Officer,,master-P2,
contact is not a decision maker,hargroveelectric.com,,Matt Powell,Foreman,,master-P2,
contact is not a decision maker,willenelectric.com,,Dan Shine,Retired,,master-P2,
contact is not a decision maker,newdirectionutilities.com,,Tyler Scott,Director of Operations - UG Distribution and Civil Construction Divisions,,master-P2,
contact is not a decision maker,heicontractors.com,,Gregg Nadess,Chief Financial Officer,,master-P2,
contact is not a decision maker,leerelectric.com,,Fred Miller,General Superintendent,,master-P2,
contact is not a decision maker,eeengineering.org,,Thierry States (Thierry Julio Epassa),Director Of Electrical Engineering,,master-P2,
contact is not a decision maker,hsitx.com,,Jacob Mcneil,Chief Financial Officer,,master-P2,
contact is not a decision maker,aerones.com,,Janis Putrams,Chief Technology Officer,,P2-candidate,
contact is not a decision maker,aerones.com,,Martins Vaivods,CFO,,P2-candidate,
contact is not a decision maker,hawkeye-electric.com,,Liz Anderson,CFO,,master-DQ,
contact is not a decision maker,palmierielectric.com,,Raymond Palmieri,Pres.,,master-DQ,
contact is not a decision maker,tri-mgroup.com,,James T. Horn,Chairman,,master-DQ,
contact is not a decision maker,maddash.com,,Karin Meining,CFO,,master-DQ,
contact is not a decision maker,cbehq.com,,Michael Jury,Division Manager,,master-DQ,
contact is not a decision maker,bryanelectricinc.com,,Steve Morris,Chief Financial Officer,,master-DQ,
contact is not a decision maker,dseelectric.com,,Carlos Estrada,Warehouse Team Member,,master-DQ,
contact is not a decision maker,hickselectric.net,,Nick Green,Project and Purchasing and Permitting and Warehouse Manager,,master-DQ,
contact is not a decision maker,solarelectric.org,,Gaetano Cuccio,Electrical Superintendent,,master-DQ,
contact is not a decision maker,northlineutilitiesllc.com,,Lori Mayott,Chief Financial Officer,,master-DQ,
contact is not a decision maker,universalblowerpac.com,,Al Zinkovich,Cfo,,master-DQ,
contact is not a decision maker,centripump.com,,Paul Strouhal,Chief Financial Officer,,master-DQ,
contact is not a decision maker,pvicm.com,,Diane Gallagher,Director of Administrative Operations,,master-DQ,
contact is not a decision maker,swanelectric.com,,Tim Stolicker,Business Development Director,,master-P3,
contact is not a decision maker,westernmountaininc.com,,Arika Phipps,HBIC,,master-P3,
contact is not a decision maker,allphasepl.com,,Andrew Yetter,Electrical Project Manager,,master-P3,
contact is not a decision maker,iriss.com,,Nyare Fauste,Proprietaire,,master-P3,
contact is not a decision maker,iriss.com,,Peter Anderson,CFO,,master-P3,
contact is not a decision maker,coltinelectric.com,,Alan Rodgers,Project Engineer,,master-P3,
contact is not a decision maker,kaiserelectric.com,,Mike Smegner,Chief Financial Officer,,master-P3,
contact is not a decision maker,tomeyelectric.com,,Jp Taylor,Superintendent,,master-P3,
contact is not a decision maker,southwestelectric.com,,Laura Malm,CFO,,master-P3,
contact is not a decision maker,graceport.com,,Drew Allen,Learning Officer,,master-P3,
contact is not a decision maker,graceport.com,,Scott Allen,Director of Operations,,master-P3,
contact is not a decision maker,highmarkerectors.com,,Shane Crawford,Superintendent,,master-P3,
contact is not a decision maker,mcinnisco.com,,Kevin Harthcock,Estimator and Project Manager,,master-P3,
contact is not a decision maker,hinsdaleelectric.com,,Steve Tagliere,Project Manager,,master-P3,
contact is not a decision maker,everywattmatters.com,,Gary Lenz,Director,,master-P3,
contact is not a decision maker,everywattmatters.com,,Leo Flores,UK Director,,master-P3,
contact is not a decision maker,eesc-ct.com,,John Taylor,Chairman,,master-P3,
contact is not a decision maker,superiorelectricinc.com,,Michael Hull,Electrician,,master-P3,
contact is not a decision maker,superiorelectricinc.com,,Sidney Feldman,Chief Financial Officer,,master-P3,
contact is not a decision maker,phillips-southern.org,,Jarrod Divelbess,General Superintendent,,master-P2,
contact is not a decision maker,formex.us,,Mustafa A.,Executive Manager,,master-DQ,
contact is not a decision maker,omnielectric.io,,Alexander Diaz,Director of Operations,,master-DQ,
contact is not a decision maker,foxsystemsinc.com,,Brandon Coggins,Electrical Contractor,,master-P3,
contact is not a decision maker,vslconstructors.com,,Jason Jenkins,Area Manager,,master-P3,
"non-US domain, mandate is US-only",ppultd.co.uk,Premium Power Units Ltd.,,,,campaign-P2,Motor & Generator Companies
"non-US domain, mandate is US-only",adc-electrical.co.uk,ADC Electrical Ltd,,,,master-DQ,
"non-US domain, mandate is US-only",johnfordelectricalservices.co.uk,Commercial Electrician,,,,master-DQ,
"non-US domain, mandate is US-only",gandptechnology.co.uk,G&P Technology,,,,master-DQ,
"non-US domain, mandate is US-only",tmelectrical.ca,T M Electric,,,,master-DQ,
"non-US domain, mandate is US-only",alselectric.ca,Al's Electric Services Ltd,,,,master-DQ,
not a real company domain,moodyselectricinc.godaddysites.com,Moody's Electric,,,not a company domain - website-builder/directory host,campaign-P2,Commercial & Industrial Ctrs
not a real company domain,petrellielectr.wpengine.com,"Petrelli Electric, INC",,,not a company domain - website-builder/directory host,P3-candidate,
not a real company domain,directstrikelightningprotection.github.io,Direct Strike Lightning protection,,,not a company domain - website-builder/directory host,master-DQ,
not a real company domain,musgrove.ourcareerpages.com,Musgrove Construction,,,not a company domain - website-builder/directory host,master-DQ,
same phone as another target - possible duplicate,"4c2electrical.com, diamondindustrialgroup.com",,,,,,
same phone as another target - possible duplicate,"cbehq.com, henderson-services.com",,,,,,
same phone as another target - possible duplicate,"maritimetechnicalservices.com, rb-marine.com",,,,,,
same phone as another target - possible duplicate,"transformer-svc.com, transformerservicesinc.com",,,,,,
same phone as another target - possible duplicate,"panelshop.com, premierautomation.com",,,,,,
same phone as another target - possible duplicate,"panelshop.com, premierautomation.com",,,,,,
same phone as another target - possible duplicate,"panelshop.com, premierautomation.com",,,,,,
same phone as another target - possible duplicate,"panelshop.com, premierautomation.com",,,,,,
same phone as another target - possible duplicate,"calvielectric.com, currentmasterelectric.com",,,,,,
