id,name,series,start_date,end_date,city,state,source_link,grata_url,company_count,p2_attending,candidates_attending_count,master_attending_count,prior_edition_evidence,kept_reason
99H3YQHL,Electro-Mechanical Authority (EASA) Conventions & Solutions Expo 2027,The Electro-Mechanical Authority (EASA) Conventions + Solutions Expo,2027-06-13,2027-06-16,Orlando,FL,https://easa.com/convention,https://search.grata.com/lists/99H3YQHL/companies,0,[],0,0,"{'edition': 'EASA 2026 (Orlando, 2026-06-13/16)', 'p2_count': 28, 'master_count': 8}",Core S7 motor/apparatus repair trade convention; strongest P2 density of any series (28 P2s at the 2026 edition). 2027 roster not yet populated in Grata.
YDV77JYE,Clean Currents 2026,Clean Currents,2026-09-21,2026-09-25,Phoenix,AZ,https://cleancurrents.org/,https://search.grata.com/lists/YDV77JYE/companies,306,"[{'domain': 'lselectric.com', 'name': 'L & S Electric, Inc.', 'bucket': 'S7', 'wave': 'W3'}, {'domain': 'turbinepros.com', 'name': 'TurbinePROs', 'bucket': 'S7', 'wave': 'W2'}, {'domain': 'jenkinselectric.com', 'name': 'Jenkins Electric Company', 'bucket': 'T2', 'wave': 'W2'}, {'domain': 'sidewindersllc.com', 'name': 'Sidewinders, LLC', 'bucket': 'S7', 'wave': 'W2'}]",5,0,,"Hydropower O&M trade show, US; surfaced by P2 uid sweep. 4 P2s exhibit (L&S Electric, TurbinePROs, Jenkins Electric, Sidewinders) - hydro plant electro-mechanical services overlap S7/T2 apparatus trades."
ZMY8M97J,National Rural Electric Cooperative Association (NRECA) PowerXchange 2027,National Rural Electric Cooperative Association (NRECA) PowerXchange,2027-03-06,2027-03-11,Nashville,TN,https://www.cooperative.com/conferences-education/meetings/powerxchange/Pages/default.aspx,https://search.grata.com/lists/ZMY8M97J/companies,0,[],0,0,"{'edition': 'NRECA PowerXchange 2026 (Nashville, 2026-03-06/11)', 'p2_count': 3, 'master_count': 7}",Electric co-op leadership event - T3/utility-services buyer and target universe. Roster not yet populated.
62T94EWS,The Expo at PowerXchange and TechAdvantage 2027,The Expo at PowerXchange and TechAdvantage,2027-03-09,2027-03-11,Nashville,TN,https://www.cooperative.com/conferences-education/meetings/the-expo-at-powerxchange-and-techadvantage/Pages/default.aspx,https://search.grata.com/lists/62T94EWS/companies,0,[],0,0,"{'edition': 'Expo at PowerXchange and TechAdvantage 2026', 'p2_count': 2, 'master_count': 4}",Co-op tech/vendor expo co-located with PowerXchange. Roster not yet populated.
8KYJ3DWM,Southeastern Electric Exchange (S.E.E.) Annual Conference & Trade Show 2027,Southeastern Electric Exchange (S.E.E.) Annual Conference & Trade Show,2027-06-23,2027-06-26,Grapevine,TX,https://www.theexchange.org/conference,https://search.grata.com/lists/8KYJ3DWM/companies,0,[],0,0,"{'edition': 'S.E.E. 2026 (Grapevine, 2026-06-23/26)', 'p2_count': 2, 'master_count': 8}",Southeast investor-owned-utility operations exchange; strong master-list vendor presence at prior edition. Roster not yet populated.
JQWTSYVS,National Electrical Contractors Association (NECA) Convention & Trade Show Las Vegas 2026,National Electrical Contractors Association NECA Convention and Trade Show Las Vegas,2026-10-04,2026-10-07,Las Vegas,NV,https://www.necaconvention.org/,https://search.grata.com/lists/JQWTSYVS/companies,532,[],2,9,"{'edition': 'NECA Chicago 2025 (same NECA convention family)', 'p2_count': 1, 'master_count': 5}","Flagship NECA convention with populated 532-company roster; 9 master-list companies exhibit. Roster fetch truncated at 500/532 (deep-page 403) and is sorted large-company-first, so the small-company P2 intersection is likely understated."
BU33WGV5,Southwest Buildings & Facilities Management Trade Show & Conference (SWBFM) 2026,Southwest Buildings & Facilities Management Trade Show & Conference (SWBFM),2026-10-07,2026-10-08,Phoenix,AZ,https://swbfm.net/,https://search.grata.com/lists/BU33WGV5/companies,487,"[{'domain': 'canyonstateelectric.com', 'name': 'Canyon State Electric', 'bucket': 'T3', 'wave': 'W1'}]",1,1,,"Facilities-management trade show (thesis series); surfaced by P2 uid sweep - Canyon State Electric (T5, W1) exhibits alongside AZ commercial electrical/mechanical contractors."
BQZPKELW,Professional Electrical Apparatus Reconditioning League (PEARL) Conference & Exhibition 2027,Professional Electrical Apparatus Reconditioning League (PEARL) Conference and Exhibition,2027-04-23,2027-04-25,Cleveland,OH,https://pearl1.org/conference-details-copy/,https://search.grata.com/lists/BQZPKELW/companies,0,[],0,0,"{'edition': 'PEARL 2026 (Cleveland, 2026-04-23/25)', 'p2_count': 1, 'master_count': 2}",Reconditioned electrical apparatus trade (S7/T2 core). Roster not yet populated.
R8RXZY47,National Electrical Contractors Association (NECA) Chicago 2026,National Electrical Contractors Association (NECA),2026-09-12,2026-09-15,Chicago,IL,https://www.necashow.org/NECA2025/public/enter.aspx,https://search.grata.com/lists/R8RXZY47/companies,0,[],0,0,"{'edition': 'NECA Chicago 2025 (2025-09-12/15)', 'p2_count': 1, 'master_count': 5}",Flagship electrical-contracting trade convention (T5/T1 corroboration). Grata roster not yet populated for this edition.
SMEME7VD,National Electrical Contractors Association (NECA) Convention & Trade Show Las Vegas 2027,National Electrical Contractors Association NECA Convention and Trade Show Las Vegas,2027-10-04,2027-10-07,Las Vegas,NV,https://neca2026.smallworldlabs.com/home,https://search.grata.com/lists/SMEME7VD/companies,0,[],0,0,"{'edition': 'NECA Chicago 2025 (same NECA convention family)', 'p2_count': 1, 'master_count': 5}",2027 edition of the flagship NECA convention. Roster not yet populated.
NN5QQ8A4,Florida Municipal Electric Association (FMEA) Conference 2027,Florida Municipal Electric Association (FMEA) Conference,2027-07-14,2027-07-16,Palm Beach,FL,https://www.flpublicpower.com/2026-fmea-annual-conference,https://search.grata.com/lists/NN5QQ8A4/companies,0,[],0,0,"{'edition': 'FMEA 2026 (Palm Beach, 2026-07-14/16)', 'p2_count': 1, 'master_count': 2}",Florida municipal/public-power event (utility services thesis). Roster not yet populated.
5WVJ3NU6,Advancing Electrical Prefabrication 2027,Advancing Electrical Prefabrication,2027-07-22,2027-07-24,Dallas,TX,https://advancing-electrical-prefabrication.com/,https://search.grata.com/lists/5WVJ3NU6/companies,0,[],0,0,"{'edition': 'Advancing Electrical Prefabrication 2026 (Dallas, 2026-07-22/24)', 'p2_count': 1, 'master_count': 2}",Electrical-contractor prefab/BIM conference (T5 operators attend). Roster not yet populated.
JWMA34XG,iP Utility Safety Conference & Expo 2026,iP Utility Safety Conference & Expo,2026-11-03,2026-11-05,Glendale,AZ,https://utilitysafetyconference.com/expo/,https://search.grata.com/lists/JWMA34XG/companies,95,[],3,1,,Utility field-safety trade event; 3 candidate-pool and 1 master-list companies exhibit (utility services adjacency). Incidental on-thesis find from Utility Expo probe.
A3RPM49W,The Utility Expo 2026,The Utility Expo,2026-10-07,2026-10-09,Louisville,KY,https://www.theutilityexpo.com/,https://search.grata.com/lists/A3RPM49W/companies,0,[],0,0,,Major utility construction/field-technology trade show (thesis probe list). Grata roster not yet populated.
779ZH67X,International Lineman's Rodeo & Expo 2026,International Lineman's Rodeo & Expo,2026-10-14,2026-10-17,Overland Park,KS,https://www.linemansrodeokc.com/,https://search.grata.com/lists/779ZH67X/companies,29,[],2,0,,Electric-utility lineworker trade event; 2 candidate-pool companies exhibit. Incidental on-thesis find.
Y9VJAE67,Data Center World POWER 2026,Data Center World POWER,2026-09-21,2026-09-23,Grapevine,TX,https://dcwpower.com/,https://search.grata.com/lists/Y9VJAE67/companies,31,[],0,0,,Critical-power/data-center energy event (T6 adjacency); roster is OEM/utility-heavy with no current list overlap - watch for T6 targets in later roster updates.
GQDMLKE9,Data Center World 2027,Data Center World,2027-04-20,2027-04-23,Washington,DC,https://datacenterworld.com/,https://search.grata.com/lists/GQDMLKE9/companies,0,[],0,0,,Flagship US data-center infrastructure event (critical power / T6 thesis). Roster not yet populated.
MNRAN3LK,Power-Generation (POWERGEN) 2027,Power-Generation (POWERGEN) International,2027-01-18,2027-01-21,Salt Lake City,UT,https://www.powergen.com/,https://search.grata.com/lists/MNRAN3LK/companies,0,[],0,0,"{'edition': 'POWERGEN International 2024 (New Orleans)', 'p2_count': 0, 'master_count': 0}",Power-generation industry flagship; prior edition showed no list overlap (roster truncated 100/595) - keep as low-priority coverage.
2VAK7U4S,IEEE Power and Energy Society (PES) Transmission & Distribution (T&D) Conference & Exposition 2027,IEEE Power and Energy Society PES Transmission & Distribution T&D Conference & Exposition,2027-05-04,2027-05-07,Chicago,IL,https://ieeet-d.org/,https://search.grata.com/lists/2VAK7U4S/companies,0,[],0,0,"{'edition': 'IEEE PES T&D 2024 (Anaheim)', 'p2_count': 0, 'master_count': 0}","Biennial T&D flagship (thesis series). Prior-edition intersection was 0 but that roster was truncated 200/1155 large-first, so evidence is weak, not negative. Grata holds a duplicate record 8TF994G7 for the same edition."
75RMJJPN,CEATI Strategy & Innovation Conference 2026,Centre for Energy Advancement through Technological Innovation (CEATI) Strategy & Innovation Conference,2026-09-15,2026-09-18,Fort Lauderdale,FL,https://site.pheedloop.com/event/strategyinnovation/home,https://search.grata.com/lists/75RMJJPN/companies,0,[],0,0,,Only CEATI event in window (the T&D conference series from the old build has no in-window edition listed). Utility R&D/operations community; roster not yet populated.
WFFF7HWT,Electric Operations Conference & Expo (EOCE) 2027,Electric Operations Conference & Expo,2027-01-14,2027-01-15,Baraboo,WI,https://www.meuw.org/eoce,https://search.grata.com/lists/WFFF7HWT/companies,0,[],0,0,,Wisconsin municipal electric utility operations trade show (utilities/munis thesis). Incidental find; roster not yet populated.
